diagnosis_code,count
426177001,12670
164890007,7615
426783006,6299
427084000,5687
164934002,5167
55930002,4232
55827005,4106
59931005,2720
427393009,2550
429622005,1266
10370003,1182
39732003,1163
713427006,1096
427172004,1091
284470004,1054
270492004,893
164917005,828
164930006,799
251146004,794
61721007,653
365413008,638
47665007,638
164873001,632
698252002,536
6374002,385
445118002,380
428417006,344
111975006,337
713426002,246
106068003,215
251223006,215
733534002,213
59118001,195
713422000,176
29320008,139
426761007,137
13640000,114
164937009,114
425856008,109
89792004,106
251205003,106
81898007,96
164865005,83
233917008,78
27885002,75
74390002,68
251170000,62
426995002,60
50799005,59
164896001,59
195042002,58
54329005,57
75532003,49
57054005,49
164912004,47
164947007,40
164909002,35
446358003,33
5609005,33
67751000119106,28
54016002,25
426648003,24
49578007,23
233897008,18
251187003,17
233892002,16
61277005,14
426664006,12
251164006,10
63593006,9
446813000,8
426627000,7
426183003,7
111288001,7
251120003,6
65778007,5
418818005,5
445211001,5
77867006,2
67741000119109,1
